Prompt,Perplexity Response,Gemini Response,ChatGPT Response,Date ,Theme,Grade
"You are an innovative elementary teacher crafting a multidisciplinary story-based lesson. Your task is to write a  story (maximum 30 lines in paragraphs) , incorporating:

A central theme: """"""+theme+""""""

Story guidelines:

Engage """""" + grade +""""""readers with an organic, natural-feeling narrative

Avoid obvious educational elements

Ensure age-appropriateness and cultural respect

Use authentic stories or facts related to the chosen theme

Do not include explicit formulas

After the story, create 10 questions that is similar to the questions in the document """"""+ questions+"""""":

Test understanding of the subjects covered (math, science, English)

Assess ability to apply the concepts from the story

Vary in difficulty and type (multiple-choice, short answer, etc.)

Relate directly to the story's content

Subtle elements of:

Basic algebra (e.g., simple equations or patterns)

Geometry of 2D shapes

English vocabulary and grammar

Energy concepts

Remember to keep the story and questions interesting, curious, authentic, and tailored to""""""+ grade+"""""" learners    """"""","The Mysterious Map Lucia's eyes widened as she unrolled the ancient parchment her grandfather had given her. It was a map, yellowed with age, showing strange lands across a vast ocean. ""This belonged to Christopher Columbus,"" her grandfather whispered. ""Legend says it guided him to the New World."" Fascinated, Lucia traced the faded lines with her finger. She imagined Columbus standing on the deck of his ship, the Santa María, peering at this very map. The wind whipped through his hair as he gazed at the horizon, wondering what lay beyond. As night fell, Lucia dreamed she was aboard the Niña, one of Columbus's smaller ships. She felt the gentle rocking of the waves and heard the creak of wood. Sailors bustled around her, adjusting ropes and sails. Suddenly, a shout rang out: ""Land ho!"" Lucia rushed to the bow, her heart pounding. Through the mist, she saw a strip of green - an island! As they drew closer, she spotted people on the shore. They looked different from anyone she'd ever seen before. Columbus stepped onto the beach, planting a flag in the sand. He spoke to the islanders, trying to communicate through gestures. Lucia realized this moment would change the world forever, for better or worse. When she awoke, Lucia carefully rolled up the map. She knew she held a piece of history in her hands - a window into a time of great discovery and profound change. As she drifted back to sleep, she wondered what new worlds remained to be explored. Questions: 1. If Columbus's fleet sailed 2,500 nautical miles in 50 days, what was their average speed per day? 2. The Santa María was 62 feet long. If the Niña was 3/4 the length of the Santa María, how long was the Niña? 3. Columbus brought 90 men on his first voyage. If 1/3 sailed on the Santa María, 1/4 on the Niña, and the rest on the Pinta, how many men were on the Pinta? 4. What type of simple machine would sailors use to raise heavy sails? 5. In the story, what does the word ""bow"" mean? A) A weapon for shooting arrows B) To bend forward C) The front of a ship D) A decorative ribbon 6. If Columbus left Spain on August 3, 1492 and arrived in the Bahamas on October 12, 1492, how many days did the voyage take? 7. The map in the story is described as ""yellowed with age."" What literary device is this an example of? 8. If each sailor needed 3 liters of water per day, how many liters would be needed to supply 90 men for 70 days? 9. Draw and label a simple diagram of a caravel, the type of ship Columbus used. 10. Write a short paragraph from the perspective of an islander seeing Columbus's ships approach for the first time.","Okay, here's the story and questions, aimed at engaging fourth-grade minds in a multidisciplinary way around the theme of Columbus' voyages.

**The Whispering Map**

Old Man Tiberio lived by the sea. His skin was like weathered leather, etched with stories of sun and salt. He wasn’t a sailor himself, but his grandfather had sailed with Columbus on the *Niña*. Tiberio kept his grandfather's greatest treasure: a fragment of a map. It wasn't a complete map, just a corner, showing a swirling blue ocean and a tiny, emerald island marked with a strange symbol – a star inside a circle.

Tiberio told stories about the voyage. Not of finding lands, but of the endless ocean, the whispering winds, and the stars that seemed to guide them. He spoke of scurvy and storms, of the men who dreamed of gold, and others who just dreamed of home. One day, a young girl named Sofia, who loved listening to Tiberio's tales, noticed that the blue ink of the ocean on the map appeared to be fading quicker than the green ink of the land. ""It's as if the sea is trying to tell you something,"" she said. Tiberio just smiled. He knew stories faded. But he also knew, somewhere, that island still existed, waiting to be rediscovered.

He challenged her: ""If each inch on this map equals 20 miles in the real world, and this piece of ocean is three and a half inches long at its widest point, how far would that be?"" Sofia stared at the map, her eyes filled with wonder. She knew the answer wasn't just a number. It was a piece of a journey.

**Questions:**

1.  **Math:** If each inch on Tiberio's map equals 20 miles, and the widest part of the ocean on the fragment is 3.5 inches long, approximately how many miles does that represent?
    A) 60 miles
    B) 70 miles
    C) 80 miles
    D) 90 miles

2.  **Math:** Imagine the island on the map is shaped roughly like a triangle. If two of the sides are the same length (2cm) and the perimeter of the island on the map is 5 cm. How long is the third side?
    A) 1 cm
    B) 2 cm
    C) 3 cm
    D) 9 cm

3.  **Science:** Scurvy, mentioned in the story, was a common problem on long sea voyages. What is the main cause of scurvy?
    A) Lack of fresh water
    B) Lack of vitamin C
    C) Lack of sleep
    D) Too much salt

4.  **English:** Which of the following words from the story best describes Old Man Tiberio's skin?
    A) Soft
    B) Smooth
    C) Weathered
    D) Silky

5.  **Math:** If the *Niña* carried enough food for 30 men for 60 days, but there were actually 36 men on board. Assuming everyone ate the same amount each day, for how many days would the food last (approximately)?
    A) 40 days
    B) 50 days
    C) 66 days
    D) 72 days

6.  **Science:** The wind is an essential energy source for sailing ships. What type of energy does the wind have that propels the ship?
    A) Potential Energy
    B) Thermal Energy
    C) Kinetic Energy
    D) Chemical Energy

7.  **English:** In the story, Sofia says, ""It's as if the sea is trying to tell you something."" What literary device is Sofia using?
    A) Simile
    B) Metaphor
    C) Personification
    D) Alliteration

8.  **Application/Critical Thinking:** What are *two* possible reasons why the blue ink of the ocean on the map might be fading faster than the green ink of the island? Explain each reason briefly.

9.  **Science:** Imagine the ship's shadow at noon. What shape will the shadow of its mast be?
    A) A triangle
    B) A circle
    C) A square
    D) A line

10. **Application/Geometry:** What type of shape is the symbol on the map and what is inside of it?
    A) Circle, inside of it a triangle
    B) Square, inside of it a rectangle
    C) Circle, inside of it a star
    D) Square, inside of it a star",,03/01/2025,Columbus Voyage,4th